{
  "kind": "collectionType",
  "collectionName": "articles",
  "info": {
    "singularName": "article",
    "pluralName": "articles",
    "displayName": "Article",
    "description": ""
  },
  "options": {
    "draftAndPublish": true
  },
  "pluginOptions": {},
  "attributes": {
    "displayTitle": {
      "type": "string",
      "unique": true,
      "required": true
    },
    "slug": {
      "type": "uid",
      "targetField": "title",
      "required": true
    },
    "creator": {
      "type": "relation",
      "relation": "manyToOne",
      "target": "plugin::users-permissions.user",
      "inversedBy": "articles"
    },
    "featuredImage": {
      "type": "media",
      "multiple": false,
      "required": false,
      "allowedTypes": [
        "images",
        "files",
        "videos",
        "audios"
      ]
    },
    "quickSummary": {
      "type": "text"
    },
    "summary": {
      "type": "text"
    },
    "content": {
      "type": "dynamiczone",
      "components": [
        "common.image",
        "common.paragraph",
        "common.light-bg-paragraph",
        "common.quick-links",
        "common.check-mark-list",
        "common.sub-title",
        "common.title",
        "common.list",
        "common.compare-table",
        "common.video-paragraph-section"
      ]
    },
    "category": {
      "type": "relation",
      "relation": "manyToOne",
      "target": "api::category.category",
      "inversedBy": "articles"
    },
    "title": {
      "type": "string",
      "maxLength": 30,
      "required": true
    }
  }
}
