{
  "kind": "collectionType",
  "info": {
    "tableName": "submission",
    "singularName": "submission",
    "pluralName": "submissions",
    "displayName": "Form Submissions",
    "description": "A Place for all your form submissions",
    "kind": "collectionType"
  },
  "options": {
    "draftAndPublish": false
  },
  "pluginOptions": {
    "content-manager": {
      "visible": true
    },
    "content-type-builder": {
      "visible": false
    }
  },
  "attributes": {
    "score": {
      "type": "string",
      "min": 1,
      "max": 50,
      "configurable": false
    },
    "formName": {
      "type": "string",
      "min": 1,
      "max": 50,
      "configurable": false
    },
    "data": {
      "type": "json",
      "configurable": false
    },
    "email": {
      "type": "email"
    }
  }
}
