{
  "kind": "collectionType",
  "collectionName": "contact_forms",
  "info": {
    "singularName": "contact-form",
    "pluralName": "contact-forms",
    "displayName": "Contact Form",
    "description": ""
  },
  "options": {
    "draftAndPublish": true
  },
  "pluginOptions": {},
  "attributes": {
    "email": {
      "type": "email"
    },
    "name": {
      "type": "string"
    },
    "phone_number": {
      "type": "string"
    },
    "website": {
      "type": "string"
    },
    "company_challenge": {
      "type": "string"
    },
    "description": {
      "type": "text"
    },
    "ai_ml_development": {
      "type": "boolean"
    },
    "api_development_integration": {
      "type": "boolean"
    },
    "custom_software_development": {
      "type": "boolean"
    },
    "hire_dedicated_developers": {
      "type": "boolean"
    },
    "software_testing_and_qa": {
      "type": "boolean"
    },
    "web_or_mobile_app_dev": {
      "type": "boolean"
    },
    "files": {
      "allowedTypes": [
        "images",
        "files",
        "videos",
        "audios"
      ],
      "type": "media",
      "multiple": false
    }
  }
}
