{
  "kind": "singleType",
  "collectionName": "trusted_clients_data",
  "info": {
    "singularName": "trusted-clients",
    "pluralName": "trusted-clients-data",
    "displayName": "Trusted Clients",
    "description": ""
  },
  "options": {
    "draftAndPublish": true
  },
  "pluginOptions": {},
  "attributes": {
    "title": {
      "type": "richtext"
    },
    "sideBoxText": {
      "type": "string"
    },
    "sideBoxNumber": {
      "type": "string"
    },
    "clientLogos": {
      "type": "component",
      "repeatable": true,
      "component": "common.trusted-client-logo"
    }
  }
}
