{
  "kind": "collectionType",
  "collectionName": "hirings",
  "info": {
    "singularName": "hiring",
    "pluralName": "hirings",
    "displayName": "Hiring",
    "description": ""
  },
  "options": {
    "draftAndPublish": true
  },
  "pluginOptions": {},
  "attributes": {
    "content": {
      "type": "dynamiczone",
      "components": [
        "common.trusted-clients-slider",
        "common.hiring-hero",
        "common.action-banner",
        "common.lets-talk",
        "common.bar-title-check-mark-list",
        "common.testimonial-videos-slider",
        "common.light-bg-paragraph",
        "common.paragraph",
        "common.sub-title",
        "common.quick-links",
        "common.title",
        "common.list",
        "common.image",
        "common.check-mark-list",
        "common.awards-section",
        "common.video-paragraph-section",
        "common.color-slider-section",
        "common.case-study-section",
        "common.recent-blogs",
        "common.image-paragraph-section"
      ]
    },
    "title": {
      "type": "string",
      "required": true
    },
    "slug": {
      "type": "uid",
      "targetField": "title"
    }
  }
}
