{
  "collectionName": "components_common_accordion_contents",
  "info": {
    "displayName": "AccordionContent",
    "description": ""
  },
  "options": {},
  "attributes": {
    "description": {
      "type": "richtext"
    },
    "image": {
      "type": "media",
      "multiple": false,
      "required": false,
      "allowedTypes": [
        "images"
      ]
    },
    "items": {
      "type": "component",
      "repeatable": true,
      "component": "common.faq-item"
    },
    "title": {
      "type": "richtext"
    }
  }
}
