{
  "collectionName": "components_common_advanced_image_paragraphs",
  "info": {
    "displayName": "Advanced Image Paragraph",
    "description": ""
  },
  "options": {},
  "attributes": {
    "title": {
      "type": "richtext",
      "required": true
    },
    "paragraph": {
      "type": "richtext",
      "required": true
    },
    "image": {
      "type": "media",
      "multiple": false,
      "required": true,
      "allowedTypes": [
        "images"
      ]
    },
    "checkMarkListItems": {
      "type": "component",
      "repeatable": true,
      "component": "common.check-mark-item"
    },
    "customerFeedbackItem": {
      "type": "component",
      "repeatable": false,
      "component": "common.customer-feedback-item"
    },
    "color": {
      "type": "enumeration",
      "enum": [
        "yellow",
        "green",
        "pink",
        "purple"
      ],
      "required": true
    }
  }
}
