{
  "collectionName": "components_common_animated_color_grid_items",
  "info": {
    "displayName": "Animated Color Grid Item"
  },
  "options": {},
  "attributes": {
    "title": {
      "type": "string",
      "required": true
    },
    "text": {
      "type": "richtext",
      "required": true
    },
    "color": {
      "type": "enumeration",
      "enum": [
        "purple",
        "orange",
        "yellow",
        "green"
      ],
      "required": true
    },
    "icon": {
      "allowedTypes": [
        "images"
      ],
      "type": "media",
      "multiple": false,
      "required": true
    }
  }
}
