{
  "collectionName": "components_common_bar_title_check_mark_lists",
  "info": {
    "displayName": "Bar Title Check Mark List",
    "icon": "list",
    "description": ""
  },
  "options": {},
  "attributes": {
    "title": {
      "type": "string"
    },
    "barTitleCheckMarkItems": {
      "type": "component",
      "repeatable": true,
      "component": "common.check-mark-item"
    },
    "backgroundColor": {
      "type": "enumeration",
      "enum": [
        "gray",
        "white"
      ],
      "default": "white"
    },
    "paragraph": {
      "type": "richtext"
    }
  }
}
