{
  "collectionName": "components_section_color_slider_sections",
  "info": {
    "displayName": "Color Boxes Section",
    "description": ""
  },
  "options": {},
  "attributes": {
    "title": {
      "type": "richtext",
      "required": false
    },
    "colorBoxItems": {
      "type": "component",
      "repeatable": true,
      "component": "common.color-slider-item"
    },
    "type": {
      "type": "enumeration",
      "enum": [
        "slider",
        "grid",
        "waveSlider"
      ],
      "default": "slider",
      "required": true
    },
    "paragraph": {
      "type": "richtext"
    }
  }
}
