{
  "collectionName": "components_common_color_slider_items",
  "info": {
    "displayName": "Color Box Item",
    "icon": "image",
    "description": ""
  },
  "options": {},
  "attributes": {
    "title": {
      "type": "string"
    },
    "image": {
      "type": "media",
      "multiple": false,
      "required": false,
      "allowedTypes": [
        "images",
        "files",
        "videos",
        "audios"
      ]
    },
    "color": {
      "type": "enumeration",
      "enum": [
        "blue",
        "green",
        "yellow",
        "purple",
        "orange",
        "sky",
        "gray",
        "teal",
        "red",
        "olive"
      ],
      "required": true,
      "default": "blue"
    },
    "description": {
      "type": "richtext"
    },
    "isLast": {
      "type": "boolean",
      "default": false
    }
  }
}
