{
  "collectionName": "components_common_color_grid_items",
  "info": {
    "displayName": "colorGridItem",
    "description": ""
  },
  "options": {},
  "attributes": {
    "title": {
      "type": "string"
    },
    "text": {
      "type": "richtext"
    },
    "color": {
      "type": "enumeration",
      "enum": [
        "green",
        "blue",
        "sky",
        "purple",
        "yellow",
        "red",
        "orange"
      ],
      "required": true
    },
    "icon": {
      "type": "media",
      "multiple": false,
      "required": true,
      "allowedTypes": [
        "images"
      ]
    }
  }
}
