{
  "collectionName": "components_common_connected_image_paragraph_sections",
  "info": {
    "displayName": "Connected Image Paragraph Section",
    "description": ""
  },
  "options": {},
  "attributes": {
    "title": {
      "type": "richtext",
      "required": true
    },
    "description": {
      "type": "richtext",
      "required": false
    },
    "connectedImageParagraphItems": {
      "type": "component",
      "repeatable": true,
      "component": "common.connected-image-paragraph-item"
    }
  }
}
