{
  "collectionName": "components_common_customer_feedback_items",
  "info": {
    "displayName": "Customer Feedback Item",
    "description": ""
  },
  "options": {},
  "attributes": {
    "firstTextLine": {
      "type": "text"
    },
    "secondTextLine": {
      "type": "text"
    },
    "customerAvatar": {
      "type": "media",
      "multiple": false,
      "required": false,
      "allowedTypes": [
        "images"
      ]
    },
    "customerName": {
      "type": "string"
    },
    "customerTitle": {
      "type": "string"
    }
  }
}
