{
  "collectionName": "components_common_faq_sidebars",
  "info": {
    "displayName": "FAQ Sidebar",
    "description": ""
  },
  "options": {},
  "attributes": {
    "title": {
      "type": "string"
    },
    "description": {
      "type": "text"
    },
    "button": {
      "type": "component",
      "repeatable": false,
      "component": "common.button"
    },
    "image": {
      "allowedTypes": [
        "images"
      ],
      "type": "media",
      "multiple": false,
      "required": true
    }
  }
}
