{
  "collectionName": "components_common_faq_sections",
  "info": {
    "displayName": "FAQ Section",
    "description": ""
  },
  "options": {},
  "attributes": {
    "faqItems": {
      "displayName": "FAQ Item",
      "type": "component",
      "repeatable": true,
      "component": "common.faq-item"
    },
    "title": {
      "type": "richtext"
    },
    "faqSidebar": {
      "displayName": "FAQ Sidebar",
      "type": "component",
      "repeatable": false,
      "component": "common.faq-sidebar"
    }
  }
}
