{
  "collectionName": "components_common_guarantee_sections",
  "info": {
    "displayName": "Guarantee Section"
  },
  "options": {},
  "attributes": {
    "title": {
      "type": "richtext",
      "required": true
    },
    "paragraph": {
      "type": "richtext",
      "required": true
    },
    "button": {
      "type": "component",
      "repeatable": false,
      "component": "common.button",
      "required": true
    },
    "image": {
      "allowedTypes": [
        "images"
      ],
      "type": "media",
      "multiple": false,
      "required": true
    }
  }
}
