{
  "collectionName": "components_common_heroes",
  "info": {
    "displayName": "Hero",
    "description": ""
  },
  "options": {},
  "attributes": {
    "description": {
      "type": "richtext"
    },
    "button": {
      "type": "component",
      "repeatable": false,
      "component": "common.button"
    },
    "image": {
      "type": "media",
      "multiple": false,
      "required": false,
      "allowedTypes": [
        "images"
      ]
    },
    "wideTitle": {
      "type": "boolean",
      "default": false
    },
    "title": {
      "type": "richtext"
    }
  }
}
