{
  "collectionName": "components_hiring_hiring_heroes",
  "info": {
    "displayName": "Hiring Hero",
    "description": ""
  },
  "options": {},
  "attributes": {
    "description": {
      "type": "richtext",
      "required": false
    },
    "image": {
      "type": "media",
      "multiple": false,
      "required": false,
      "allowedTypes": [
        "images"
      ]
    },
    "formButtonText": {
      "type": "string",
      "required": true
    },
    "title": {
      "type": "richtext"
    }
  }
}
