{
  "collectionName": "components_common_image_titles",
  "info": {
    "displayName": "Image Title",
    "description": ""
  },
  "options": {},
  "attributes": {
    "leftImages": {
      "type": "media",
      "multiple": true,
      "required": true,
      "allowedTypes": [
        "images"
      ]
    },
    "title": {
      "type": "richtext",
      "required": true
    },
    "rightImages": {
      "type": "media",
      "multiple": true,
      "required": true,
      "allowedTypes": [
        "images"
      ]
    }
  }
}
