{
  "collectionName": "components_common_image_paragraph_items",
  "info": {
    "displayName": "Image Paragraph Item"
  },
  "options": {},
  "attributes": {
    "title": {
      "type": "richtext"
    },
    "paragraph": {
      "type": "richtext"
    },
    "advancedListItems": {
      "displayName": "Advanced List",
      "type": "component",
      "repeatable": true,
      "component": "common.advanced-list"
    },
    "advancedListStyle": {
      "type": "enumeration",
      "enum": [
        "none",
        "check",
        "dot"
      ]
    },
    "advancedListColor": {
      "type": "enumeration",
      "enum": [
        "default",
        "cyan",
        "pink"
      ],
      "default": "default"
    },
    "image": {
      "allowedTypes": [
        "images"
      ],
      "type": "media",
      "multiple": false
    }
  }
}
