{
  "collectionName": "components_common_list_paragraph_sections",
  "info": {
    "displayName": "List Paragraph Section",
    "description": ""
  },
  "options": {},
  "attributes": {
    "title": {
      "type": "richtext"
    },
    "paragraph": {
      "type": "component",
      "repeatable": false,
      "component": "common.paragraph"
    },
    "list": {
      "type": "component",
      "repeatable": true,
      "component": "common.list-item"
    },
    "listType": {
      "type": "enumeration",
      "enum": [
        "checkmark",
        "dot"
      ],
      "default": "checkmark"
    }
  }
}
