{
  "collectionName": "components_common_list_column_sections",
  "info": {
    "displayName": "List Column Section",
    "description": ""
  },
  "options": {},
  "attributes": {
    "title": {
      "type": "richtext"
    },
    "paragraph": {
      "type": "richtext"
    },
    "image": {
      "type": "media",
      "multiple": false,
      "required": false,
      "allowedTypes": [
        "images"
      ]
    },
    "columnListItems": {
      "displayName": "Column List Item",
      "type": "component",
      "repeatable": true,
      "component": "common.column-list-item"
    }
  }
}
