{
  "collectionName": "components_common_trusted_client_logos",
  "info": {
    "displayName": "Trusted Client Logo",
    "icon": "images"
  },
  "options": {},
  "attributes": {
    "colorImage": {
      "allowedTypes": [
        "images"
      ],
      "type": "media",
      "multiple": false,
      "required": true
    },
    "grayImage": {
      "allowedTypes": [
        "images",
        "files",
        "videos",
        "audios"
      ],
      "type": "media",
      "multiple": false,
      "required": true
    }
  }
}
