{
  "kind": "singleType",
  "collectionName": "abouts",
  "info": {
    "singularName": "about",
    "pluralName": "abouts",
    "displayName": "About",
    "description": ""
  },
  "options": {
    "draftAndPublish": true
  },
  "pluginOptions": {},
  "attributes": {
    "content": {
      "type": "dynamiczone",
      "components": [
        "about.about-hero",
        "about.dev-stack-section",
        "about.about-call-to-action",
        "about.team",
        "about.about-more"
      ]
    }
  }
}
