{
  "kind": "collectionType",
  "collectionName": "case_studies",
  "info": {
    "singularName": "case-study",
    "pluralName": "case-studies",
    "displayName": "Case Study",
    "description": ""
  },
  "options": {
    "draftAndPublish": true
  },
  "pluginOptions": {},
  "attributes": {
    "title": {
      "type": "string",
      "required": true
    },
    "linkTitle": {
      "type": "string",
      "required": true
    },
    "slug": {
      "type": "uid",
      "targetField": "linkTitle",
      "required": true
    },
    "description": {
      "type": "text",
      "required": true
    },
    "color": {
      "type": "enumeration",
      "enum": [
        "cyan",
        "yellow",
        "blue",
        "green",
        "gray",
        "red",
        "purple",
        "sky",
        "violet",
        "lime"
      ],
      "default": "green",
      "required": true
    },
    "image": {
      "type": "media",
      "multiple": false,
      "required": false,
      "allowedTypes": [
        "images",
        "files",
        "videos",
        "audios"
      ]
    },
    "content": {
      "type": "dynamiczone",
      "components": [
        "case-study.intro",
        "case-study.two-column-paragraph-section",
        "case-study.case-study-hero",
        "case-study.partner-profile",
        "case-study.image-paragraph",
        "common.customer-feedback-item",
        "common.image",
        "common.title",
        "common.paragraph",
        "case-study.side-info-paragraph",
        "common.video",
        "common.image-paragraph-section",
        "case-study.case-study-image-paragraph",
        "common.action-banner",
        "case-study.bar-paragraph-section",
        "case-study.bar-title-paragraph-list",
        "case-study.recent-case-studies",
        "case-study.color-box-image-section",
        "common.sub-title",
        "case-study.case-study-image-grid",
        "case-study.color-icon-items-section",
        "case-study.purple-feature-section",
        "case-study.case-study-info",
        "case-study.info-item-gradient-bg-section",
        "case-study.case-study-full-width-section",
        "case-study.related-case-studies"
      ],
      "required": true
    },
    "miniTitle": {
      "type": "string"
    }
  }
}
