{
  "kind": "collectionType",
  "collectionName": "services",
  "info": {
    "singularName": "service",
    "pluralName": "services",
    "displayName": "Service",
    "description": ""
  },
  "options": {
    "draftAndPublish": true
  },
  "pluginOptions": {},
  "attributes": {
    "content": {
      "type": "dynamiczone",
      "components": [
        "common.hero",
        "common.video-paragraph-section",
        "common.trusted-clients-slider",
        "common.color-slider-section",
        "common.image-paragraph-section",
        "common.connected-image-paragraph-section",
        "common.case-study-section",
        "common.tell-us-about-section",
        "common.testimonial-videos-slider",
        "common.flow-color-box-section",
        "common.industry-section",
        "common.awards-section",
        "common.faq-section",
        "common.recent-blogs",
        "common.bar-title-check-mark-list",
        "common.blog-grid",
        "common.lets-talk",
        "common.guarantee-section",
        "common.hiring-hero",
        "common.list-paragraph-section",
        "common.title",
        "common.paragraph",
        "common.image",
        "common.list-column-section",
        "common.action-banner",
        "common.image-grid-section"
      ]
    },
    "title": {
      "type": "string",
      "unique": true,
      "required": true
    },
    "slug": {
      "type": "uid",
      "targetField": "title"
    },
    "letsTalk": {
      "type": "component",
      "repeatable": false,
      "component": "common.lets-talk"
    },
    "withLetsTalk": {
      "type": "boolean",
      "default": false,
      "required": true
    }
  }
}
