{
  "collectionName": "components_case_study_bar_paragraph_sections",
  "info": {
    "displayName": "Bar Paragraph Section",
    "description": ""
  },
  "options": {},
  "attributes": {
    "shortText": {
      "type": "string"
    },
    "title": {
      "type": "string"
    },
    "paragraph": {
      "type": "richtext"
    },
    "image": {
      "allowedTypes": [
        "images"
      ],
      "type": "media",
      "multiple": false
    },
    "withBottomBarForTitle": {
      "type": "boolean"
    }
  }
}
