{
  "collectionName": "components_case_study_case_study_infos",
  "info": {
    "displayName": "Case Study Info",
    "description": ""
  },
  "options": {},
  "attributes": {
    "image": {
      "type": "media",
      "multiple": false,
      "required": false,
      "allowedTypes": [
        "images"
      ]
    },
    "title": {
      "type": "string"
    },
    "items": {
      "displayName": "Case Study Info List Item",
      "type": "component",
      "repeatable": true,
      "component": "case-study.case-study-info-list-item"
    },
    "buttonText": {
      "type": "string"
    }
  }
}
