{
  "collectionName": "components_case_study_case_study_heroes",
  "info": {
    "displayName": "Case Study Hero",
    "description": ""
  },
  "options": {},
  "attributes": {
    "title": {
      "type": "string"
    },
    "description": {
      "type": "text"
    },
    "image": {
      "type": "media",
      "multiple": false,
      "required": false,
      "allowedTypes": [
        "images"
      ]
    },
    "color": {
      "type": "enumeration",
      "enum": [
        "green",
        "gray",
        "dark green",
        "lime",
        "dark gray"
      ]
    }
  }
}
