{
  "collectionName": "color_icon_items_section",
  "info": {
    "displayName": "Case Study Color Icon Items Section",
    "description": ""
  },
  "options": {},
  "attributes": {
    "title": {
      "type": "string"
    },
    "paragraph": {
      "type": "richtext"
    },
    "items": {
      "displayName": "Case Study Color Icon Item",
      "type": "component",
      "repeatable": true,
      "component": "case-study.case-study-color-icon-item",
      "max": 4,
      "min": 4
    }
  }
}
