{
  "collectionName": "color_box_image_sections",
  "info": {
    "displayName": "Case Study Color Box Image Section",
    "description": ""
  },
  "options": {},
  "attributes": {
    "title": {
      "type": "string"
    },
    "paragraph": {
      "type": "richtext"
    },
    "image": {
      "type": "media",
      "multiple": false,
      "required": false,
      "allowedTypes": [
        "images"
      ]
    },
    "items": {
      "type": "component",
      "repeatable": true,
      "component": "common.color-grid-item"
    }
  }
}
