{
  "collectionName": "components_case_study_image_paragraph_items",
  "info": {
    "displayName": "Image Paragraph Item",
    "description": ""
  },
  "options": {},
  "attributes": {
    "title": {
      "type": "string"
    },
    "image": {
      "type": "media",
      "multiple": false,
      "required": true,
      "allowedTypes": [
        "images"
      ]
    },
    "description": {
      "type": "richtext",
      "required": true
    },
    "hasSmallTitle": {
      "type": "boolean",
      "default": false
    }
  }
}
