{
  "collectionName": "components_case_study_info_item_gradient_bg_sections",
  "info": {
    "displayName": "Info Item Gradient Bg Section",
    "description": ""
  },
  "options": {},
  "attributes": {
    "title": {
      "type": "string"
    },
    "items": {
      "displayName": "Info Item",
      "type": "component",
      "repeatable": true,
      "component": "case-study.info-item"
    },
    "sideImage": {
      "allowedTypes": [
        "images"
      ],
      "type": "media",
      "multiple": false
    }
  }
}
