{
  "collectionName": "components_case_study_partner_profiles",
  "info": {
    "displayName": "Partner Profile",
    "description": ""
  },
  "options": {},
  "attributes": {
    "partnerItems": {
      "displayName": "Partner Item",
      "type": "component",
      "repeatable": true,
      "component": "case-study.partner-item",
      "max": 4,
      "min": 4
    },
    "companyName": {
      "type": "string"
    },
    "images": {
      "type": "media",
      "multiple": true,
      "required": false,
      "allowedTypes": [
        "images"
      ]
    },
    "color": {
      "type": "enumeration",
      "enum": [
        "green"
      ]
    }
  }
}
