{
  "collectionName": "components_case_study_side_info_paragraphs",
  "info": {
    "displayName": "Side Info Paragraph",
    "description": ""
  },
  "options": {},
  "attributes": {
    "paragraph": {
      "type": "richtext",
      "required": false
    },
    "mini": {
      "type": "boolean",
      "default": false
    },
    "subTitle": {
      "type": "string"
    },
    "subDescription": {
      "type": "richtext"
    },
    "image": {
      "type": "media",
      "multiple": false,
      "required": false,
      "allowedTypes": [
        "images"
      ]
    },
    "secondParagraph": {
      "type": "richtext"
    },
    "title": {
      "type": "string"
    },
    "imageGrid": {
      "type": "media",
      "multiple": true,
      "required": false,
      "allowedTypes": [
        "images"
      ]
    },
    "bottomImage": {
      "allowedTypes": [
        "images"
      ],
      "type": "media",
      "multiple": false
    }
  }
}
