{
  "collectionName": "components_case_study_two_column_paragraph_sections",
  "info": {
    "displayName": "TwoColumnParagraphSection",
    "description": ""
  },
  "options": {},
  "attributes": {
    "title": {
      "type": "string",
      "required": false
    },
    "firstColumnText": {
      "type": "richtext",
      "required": true
    },
    "secondColumnText": {
      "type": "richtext",
      "required": true
    },
    "italicFirstColumn": {
      "type": "boolean"
    },
    "equalColumns": {
      "type": "boolean",
      "default": true
    },
    "leftImage": {
      "allowedTypes": [
        "images"
      ],
      "type": "media",
      "multiple": false
    }
  }
}
