{
  "kind": "singleType",
  "collectionName": "homes",
  "info": {
    "singularName": "home",
    "pluralName": "homes",
    "displayName": "Home",
    "description": ""
  },
  "options": {
    "draftAndPublish": true
  },
  "pluginOptions": {},
  "attributes": {
    "content": {
      "type": "dynamiczone",
      "components": [
        "common.hero",
        "common.case-study-section",
        "common.color-slider-section",
        "common.paragraph",
        "common.sub-title",
        "common.title",
        "common.testimonial-videos-slider",
        "common.trusted-clients-slider",
        "common.video-paragraph-section",
        "common.image",
        "common.customer-feedback-section",
        "common.advanced-image-paragraph-section",
        "common.color-grid-section",
        "common.tech-stack-section",
        "common.animated-color-grid-section",
        "common.guarantee-section",
        "common.recent-blogs",
        "common.action-banner"
      ]
    }
  }
}
